run_id,sweep_name,problem_name,experiment_name,seed,status,stop_reason,wall_time_s,completed_steps,num_parameters,peak_gpu_mem_mb,final_rel_l2_u,final_rel_l2_v,final_rel_l2_p,final_rel_l2_mean,best_rel_l2_mean,best_step
adam_seed_0016567,v6_rtx4090,kovasznay,adam,16567,finished,time_budget,721.5346406190656,69600,7953,214.5419921875,0.0009605837354897187,0.006080064360230253,0.002964998231481935,0.003335215442400636,0.003335215442400636,69600
adam_seed_0019943,v6_rtx4090,kovasznay,adam,19943,finished,time_budget,720.7023323969916,69600,7953,214.5419921875,0.0010081146962717794,0.013758982764581195,0.001555018480378575,0.005440705313743849,0.0017692853814303404,67800
adam_seed_0029393,v6_rtx4090,kovasznay,adam,29393,finished,time_budget,721.1717360569164,69400,7953,214.5419921875,0.0012775166203196435,0.00626688532701148,0.0024875739068730782,0.0033439919514014005,0.002649868610718826,67000
adam_seed_0030373,v6_rtx4090,kovasznay,adam,30373,finished,time_budget,720.2437660079449,69200,7953,214.5419921875,0.0027295469198561923,0.00514607665277908,0.0013803697038611332,0.0030853310921654686,0.001434658464158219,68400
adam_seed_0005246,v6_rtx4090,kovasznay,adam,5246,finished,time_budget,720.2944378186949,69200,7953,218.365234375,0.0009493107219961737,0.0036391762864481053,0.0017241021254993064,0.002104196377981195,0.0019370896529649058,68600
gnng_dense_v0_seed_0016567,v6_rtx4090,kovasznay,gnng_dense_v0,16567,finished,time_budget,721.1682893349789,400,7953,1617.517578125,3.2987428974098365e-07,1.5676575741841948e-06,6.576775234142521e-07,8.517364624464768e-07,8.517364624464768e-07,400
gnng_dense_v0_seed_0019943,v6_rtx4090,kovasznay,gnng_dense_v0,19943,finished,time_budget,720.2122151968069,400,7953,1617.517578125,4.5232143835140956e-07,2.3737962106436113e-06,1.284513030757454e-06,1.370210226584158e-06,1.370210226584158e-06,400
gnng_dense_v0_seed_0029393,v6_rtx4090,kovasznay,gnng_dense_v0,29393,finished,time_budget,720.416558586061,400,7953,1617.517578125,3.726798949117085e-07,2.7523267783463033e-06,1.258565169374492e-06,1.4611906142108347e-06,1.4611906142108347e-06,400
gnng_dense_v0_seed_0030373,v6_rtx4090,kovasznay,gnng_dense_v0,30373,finished,time_budget,720.1536587527953,400,7953,1617.517578125,2.8104851804355143e-07,1.7552788214432114e-06,8.286221623813909e-07,9.549831672893846e-07,9.549831672893846e-07,400
gnng_dense_v0_seed_0005246,v6_rtx4090,kovasznay,gnng_dense_v0,5246,finished,time_budget,720.9777596197091,400,7953,1617.517578125,3.673494381885514e-07,2.700938604202587e-06,1.2763530051291101e-06,1.4482136825067496e-06,1.4482136825067496e-06,400
gnng_dense_v1_seed_0016567,v6_rtx4090,kovasznay,gnng_dense_v1,16567,finished,time_budget,721.5310830362141,395,7953,1617.517578125,4.7686001003222926e-05,0.0001252495217317663,5.747277200460268e-05,7.68027649131973e-05,7.68027649131973e-05,395
gnng_dense_v1_seed_0019943,v6_rtx4090,kovasznay,gnng_dense_v1,19943,finished,time_budget,721.6862528063357,396,7953,1617.517578125,2.2169176383315655e-05,7.711821053520542e-05,2.730665249680134e-05,4.21980131384408e-05,4.21980131384408e-05,396
gnng_dense_v1_seed_0029393,v6_rtx4090,kovasznay,gnng_dense_v1,29393,finished,time_budget,721.4846639074385,395,7953,1617.517578125,5.371575863227057e-05,0.00021605840294416516,5.5397576203968225e-05,0.00010839057926013465,0.00010839057926013465,395
gnng_dense_v1_seed_0030373,v6_rtx4090,kovasznay,gnng_dense_v1,30373,finished,time_budget,721.7642310597003,395,7953,1617.517578125,3.537671458392093e-05,0.0001290672823276504,3.573268511565344e-05,6.672556067574157e-05,6.672556067574157e-05,395
gnng_dense_v1_seed_0005246,v6_rtx4090,kovasznay,gnng_dense_v1,5246,finished,time_budget,721.6184368953109,396,7953,1617.517578125,1.0762711675721795e-05,5.990419085990023e-05,1.577994554996734e-05,2.8815616028529787e-05,2.8815616028529787e-05,396
gnng_matfree_v0_seed_0016567,v6_rtx4090,kovasznay,gnng_matfree_v0,16567,finished,time_budget,720.5773150823079,1236,7953,1536.81298828125,4.6436003919631587e-07,3.2333589788546985e-06,1.4052520010795753e-06,1.7009903397101966e-06,1.7009903397101966e-06,1236
gnng_matfree_v0_seed_0019943,v6_rtx4090,kovasznay,gnng_matfree_v0,19943,finished,time_budget,720.8496300471015,1200,7953,1536.81298828125,3.019499777330087e-07,2.701041748870815e-06,1.2203240920566844e-06,1.4077719395535026e-06,1.4077719395535026e-06,1200
gnng_matfree_v0_seed_0029393,v6_rtx4090,kovasznay,gnng_matfree_v0,29393,finished,time_budget,721.1615960886702,1206,7953,1536.81298828125,3.5353630774700754e-07,2.730619386009809e-06,1.257306595787595e-06,1.4471540965148038e-06,1.4471540965148038e-06,1206
gnng_matfree_v0_seed_0030373,v6_rtx4090,kovasznay,gnng_matfree_v0,30373,finished,time_budget,720.2207932169549,1185,7953,1536.81298828125,4.6973901210394316e-07,4.394185100139479e-06,1.9785516160512106e-06,2.2808252427648777e-06,2.2808252427648777e-06,1185
gnng_matfree_v0_seed_0005246,v6_rtx4090,kovasznay,gnng_matfree_v0,5246,finished,time_budget,721.0947907520458,1182,7953,1536.81298828125,3.960124077854471e-07,2.8755820721763563e-06,1.3097276010268982e-06,1.5271073603295672e-06,1.5271073603295672e-06,1182
gnng_matfree_v1_seed_0016567,v6_rtx4090,kovasznay,gnng_matfree_v1,16567,finished,time_budget,721.7038667872548,849,7953,1536.81298828125,1.4696507063610617e-05,3.087429172596802e-05,8.448855711691946e-06,1.8006551500423525e-05,1.8006551500423525e-05,849
gnng_matfree_v1_seed_0019943,v6_rtx4090,kovasznay,gnng_matfree_v1,19943,finished,time_budget,722.3183701392263,765,7953,1536.81298828125,4.0796306682204926e-06,2.8936740735290392e-05,1.4244735981312943e-05,1.5753702461607942e-05,1.5753702461607942e-05,765
gnng_matfree_v1_seed_0029393,v6_rtx4090,kovasznay,gnng_matfree_v1,29393,finished,time_budget,722.0583950523287,825,7953,1536.81298828125,7.94273002116034e-06,2.9944215389551237e-05,1.1941626555897754e-05,1.6609523988869773e-05,1.6609523988869773e-05,825
gnng_matfree_v1_seed_0030373,v6_rtx4090,kovasznay,gnng_matfree_v1,30373,finished,time_budget,720.388961115852,882,7953,1536.81298828125,1.605315533273912e-05,5.1252079224899796e-05,1.7233941146178178e-05,2.8179725234605696e-05,2.8179725234605696e-05,882
gnng_matfree_v1_seed_0005246,v6_rtx4090,kovasznay,gnng_matfree_v1,5246,finished,time_budget,720.2780037317425,975,7953,1536.81298828125,4.439190507168196e-06,9.466000458714327e-05,1.202190935147262e-05,3.704036814859469e-05,3.704036814859469e-05,975
gnng_matfree_v2_seed_0016567,v6_rtx4090,kovasznay,gnng_matfree_v2,16567,finished,time_budget,722.9988915938884,282,7953,340.25927734375,5.7310831495352327e-05,0.0003953980055901934,0.00022717246983736952,0.0002266271023076384,0.00022453438742662954,279
gnng_matfree_v2_seed_0019943,v6_rtx4090,kovasznay,gnng_matfree_v2,19943,finished,time_budget,726.7902023848146,282,7953,340.25927734375,7.438003913827896e-05,0.00043689990745928787,0.00023443166720144078,0.00024857053793300255,0.00024857053793300255,282
gnng_matfree_v2_seed_0029393,v6_rtx4090,kovasznay,gnng_matfree_v2,29393,finished,time_budget,726.7431363482028,279,7953,340.25927734375,8.43896005188294e-05,0.0004889705543484095,0.0002642496135852811,0.00027920325615083996,0.00027920325615083996,279
gnng_matfree_v2_seed_0030373,v6_rtx4090,kovasznay,gnng_matfree_v2,30373,finished,time_budget,727.7559653036296,282,7953,340.25927734375,0.0001428442320448769,0.0009473670061161801,0.00044654156270183376,0.0005122509336209636,0.0005104928285059645,279
gnng_matfree_v2_seed_0005246,v6_rtx4090,kovasznay,gnng_matfree_v2,5246,finished,time_budget,723.332731815055,279,7953,340.25927734375,7.9631706103266e-05,0.0004520416283853364,0.00024740367031683295,0.0002596923349351451,0.00025878695206198675,276
lbfgs_seed_0016567,v6_rtx4090,kovasznay,lbfgs,16567,finished,time_budget,720.0319765699096,32260,7953,227.27685546875,0.0006078883661292737,0.004569794739071243,0.0017565491130841421,0.0023114107394282195,0.0022637362468617504,120
lbfgs_seed_0019943,v6_rtx4090,kovasznay,lbfgs,19943,finished,time_budget,720.0695298570208,31480,7953,227.27685546875,0.0004954476041058775,0.0037483063185869566,0.0018570845191758422,0.002033612813956225,0.0020201311886110023,170
lbfgs_seed_0029393,v6_rtx4090,kovasznay,lbfgs,29393,finished,time_budget,720.0371612762101,32165,7953,227.27685546875,0.0004832715570540908,0.0032019196312251244,0.0012145898263954636,0.0016332603382248928,0.0016257005869439165,120
lbfgs_seed_0030373,v6_rtx4090,kovasznay,lbfgs,30373,finished,time_budget,720.0243566012941,31540,7953,227.27685546875,0.0009433805300417948,0.0052005479212304745,0.0028944985267210354,0.0030128089926644347,0.0026204908445260537,150
lbfgs_seed_0005246,v6_rtx4090,kovasznay,lbfgs,5246,finished,time_budget,720.0230832998641,31675,7953,227.27685546875,0.0006425312228736106,0.003965316801041989,0.0019151215891551315,0.0021743232043569104,0.0021743232043569104,155
